token,pos
Цветки,NOUN
дикорастущих,VERB
форм,NOUN
обыкновенной,ADJ
сирени,NOUN
мелкие,ADJ
",",PUNCT
собраны,VERB
парными,ADJ
пучками,NOUN
(,PUNCT
по,ADP
3,NUM
-,NUM
5,NUM
цветков,NOUN
в,ADP
пучке,NOUN
",",PUNCT
отдельные,ADJ
сорта,NOUN
по,ADP
7,NUM
-,NUM
9,NUM
цветков,NOUN
),PUNCT
.,PUNCT
"
",SPACE
В,ADP
конце,NOUN
осени,NOUN
кора,NOUN
побегов,NOUN
становится,VERB
серой,ADJ
.,PUNCT
"
",SPACE
В,ADP
центре,NOUN
цветка,NOUN
бело,ADJ
-,ADJ
кремовое,ADJ
пятнышко,NOUN
в,ADP
виде,NOUN
звездочки,NOUN
.,PUNCT
"
",SPACE
При,ADP
уплотнении,NOUN
почвы,NOUN
и,CCONJ
асфальтировании,NOUN
суховершинит,VERB
.,PUNCT
"
",SPACE
Морозостоек,PROPN
.,PUNCT
"
",SPACE
Родина,NOUN
-,NOUN
горные,ADJ
леса,NOUN
Тянь,PROPN
-,PROPN
Шаня,PROPN
.,PUNCT
"
",SPACE
Дико,ADV
растет,VERB
на,ADP
сухих,ADJ
склонах,NOUN
в,ADP
умеренно,ADV
теплых,ADJ
районах,NOUN
на,ADP
обширной,ADJ
территории,NOUN
от,ADP
Западной,ADJ
Европы,PROPN
до,ADP
восточной,ADJ
Азии,PROPN
.,PUNCT
"
",SPACE
Полученное,ADJ
количество,NOUN
саженцев,NOUN
затем,ADV
распределяют,VERB
пропорционально,ADV
объему,NOUN
работ,NOUN
по,ADP
годам,NOUN
перспективного,ADJ
периода,NOUN
и,CCONJ
вычисляют,VERB
среднегодовую,ADJ
потребность,NOUN
.,PUNCT
"
",SPACE
Дистальнее,ADJ
места,NOUN
сужения,NOUN
проток,NOUN
не,PART
визуализируется,VERB
.,PUNCT
"
",SPACE
ЗАКЛЮЧЕНИЕ,NOUN
:,PUNCT
Инфильтративные,ADJ
изменения,NOUN
в,ADP
зоне,NOUN
гепатикоэнтероанастомоза,NOUN
",",PUNCT
в,ADP
воротах,NOUN
печени,NOUN
",",PUNCT
во,ADP
внутрибрюшной,ADJ
жировой,ADJ
клетчатке,NOUN
.,PUNCT
"
",SPACE
Золотовалютные,ADJ
резервы,NOUN
увеличились,VERB
на,ADP
170,NUM
миллиардов,NOUN
долларов,NOUN
и,CCONJ
приближаются,VERB
к,ADP
отметке,NOUN
в,ADP
полтриллиона,NOUN
долларов,NOUN
США,PROPN
-,PROPN
точнее,ADV
",",PUNCT
"478,6",NUM
",",PUNCT
по,ADP
последним,ADJ
данным,NOUN
(,PUNCT
чуть,ADV
-,PART
чуть,ADV
понижение,NOUN
произошло,VERB
в,ADP
связи,NOUN
с,ADP
изменением,NOUN
курса,NOUN
доллара,NOUN
),PUNCT
.,PUNCT
"
",SPACE
Это,PRON
вершина,NOUN
тесного,ADJ
и,CCONJ
плодотворного,ADJ
сотрудничества,NOUN
между,ADP
нашими,DET
странами,NOUN
.,PUNCT
"
",SPACE
Мы,PRON
еще,ADV
некоторое,DET
время,NOUN
разговариваем,VERB
с,ADP
Епископом,PROPN
Лукианом,PROPN
",",PUNCT
потом,ADV
он,PRON
провожает,VERB
меня,PRON
до,ADP
ворот,NOUN
Резиденции,PROPN
",",PUNCT
откуда,ADV
навстречу,ADV
нам,PRON
идет,VERB
многочисленный,ADJ
и,CCONJ
многоязычный,ADJ
поток,NOUN
людей,NOUN
",",PUNCT
желающих,VERB
осмотреть,VERB
экспонаты,NOUN
Православного,ADJ
Музея,PROPN
и,CCONJ
посетить,VERB
Кафедральный,ADJ
Собор,PROPN
.,PUNCT
"
",SPACE
Многотысячный,ADJ
коллектив,NOUN
"""",PUNCT
Газпрома,PROPN
"""",PUNCT
денно,ADV
и,CCONJ
нощно,ADV
трудился,VERB
над,ADP
поставленной,VERB
задачей,NOUN
.,PUNCT
"
",SPACE
Там,ADV
оставалось,VERB
еще,ADV
60,NUM
сербских,ADJ
сел,NOUN
.,PUNCT
"
",SPACE
Мы,PRON
шли,VERB
в,ADP
бой,NOUN
вместе,ADV
и,CCONJ
готовы,ADJ
были,AUX
пролить,VERB
кровь,NOUN
друг,PRON
за,ADP
друга,PRON
.,PUNCT
"
",SPACE
-,PUNCT
Какие,DET
впечатления,NOUN
у,ADP
вас,PRON
остались,VERB
от,ADP
Москвы,PROPN
в,ADP
1972,ADJ
году,NOUN
?,PUNCT
"
",SPACE
-,PUNCT
По,ADP
удивительному,ADJ
стечению,NOUN
обстоятельств,NOUN
ваш,DET
олимпийский,ADJ
триумф,NOUN
идеально,ADV
совпал,VERB
по,ADP
времени,NOUN
с,ADP
внедрением,NOUN
современных,ADJ
поролоновых,ADJ
матов,NOUN
.,PUNCT
"
",SPACE
Все,DET
поселение,NOUN
можно,ADV
обойти,VERB
неторопливым,ADJ
шагом,NOUN
за,ADP
10,NUM
минут,NOUN
.,PUNCT
"
",SPACE
Стабильное,ADJ
взаимодействие,NOUN
в,ADP
нефтегазовом,ADJ
секторе,NOUN
является,VERB
общим,ADJ
вкладом,NOUN
России,PROPN
и,CCONJ
Венгрии,PROPN
в,ADP
обеспечение,NOUN
энергобезопасности,NOUN
Европы,PROPN
.,PUNCT
"
",SPACE
При,ADP
этом,PRON
работа,NOUN
над,ADP
реализаций,NOUN
проектов,NOUN
жёстко,ADV
увязывалась,VERB
с,ADP
достижением,NOUN
на,ADP
каждом,DET
этапе,NOUN
целевых,ADJ
показателей,NOUN
.,PUNCT
"
",SPACE
Наверняка,ADV
техника,NOUN
была,AUX
бы,AUX
уже,ADV
не,PART
та,DET
.,PUNCT
"
",SPACE
Я,PRON
имею,VERB
в,ADV
виду,NOUN
наше,DET
сотрудничество,NOUN
в,ADP
сфере,NOUN
энергетики,NOUN
-,PUNCT
первый,ADJ
блок,NOUN
Сангтудинской,ADJ
ГЭС,NOUN
станции,NOUN
запущен,VERB
в,ADP
январе,NOUN
.,PUNCT
"
",SPACE
В,ADP
рамках,NOUN
национального,ADJ
проекта,NOUN
13,NUM
миллионов,NOUN
человек,NOUN
смогли,VERB
пройти,VERB
диспансеризацию,NOUN
",",PUNCT
а,CCONJ
60,NUM
миллионам,NOUN
были,AUX
сделаны,VERB
прививки,NOUN
.,PUNCT
"
",SPACE
Оба,NUM
работают,VERB
на,ADP
влиятельную,ADJ
и,CCONJ
известную,ADJ
адвокатскую,ADJ
контору,NOUN
«,PUNCT
Bullie,X
Brake,X
&,X
Desmay,X
»,PUNCT
и,CCONJ
успешно,ADV
продвигаются,VERB
по,ADP
служебной,ADJ
лестнице,NOUN
.,PUNCT
"
",SPACE
Некоторые,DET
люди,NOUN
испытывают,VERB
панические,ADJ
атаки,NOUN
",",PUNCT
которые,PRON
характеризуются,VERB
чрезвычайно,ADV
сильным,ADJ
чувством,NOUN
страха,NOUN
.,PUNCT
"
",SPACE
Они,PRON
отнюдь,ADV
не,PART
редки,ADJ
.,PUNCT
"
",SPACE
К,ADP
третьей,ADJ
неделе,NOUN
пациенты,NOUN
показывали,VERB
заметное,ADJ
улучшение,NOUN
настроения,NOUN
в,ADP
отличие,NOUN
от,ADP
принимавших,VERB
плацебо,NOUN
.,PUNCT
"
",SPACE
Высокий,ADJ
уровень,NOUN
эстрогена,NOUN
и,CCONJ
низкий,ADJ
прогестерона,NOUN
могут,VERB
привести,VERB
к,ADP
предменструальному,ADJ
синдрому,ADJ
(,PUNCT
ПМС,PROPN
),PUNCT
с,ADP
цикличной,ADJ
депрессией,NOUN
и,CCONJ
беспокойством,NOUN
.,PUNCT
"
",SPACE
Иногда,ADV
колебания,NOUN
настроения,NOUN
и,CCONJ
депрессия,NOUN
могут,VERB
быть,AUX
результатом,NOUN
слишком,ADV
большого,ADJ
стресса,NOUN
и,CCONJ
истощения,NOUN
надпочечников,NOUN
.,PUNCT
"
",SPACE
Первое,ADJ
описание,NOUN
этого,DET
члена,NOUN
семейства,NOUN
перечных,VERB
появилось,VERB
в,ADP
западных,ADJ
странах,NOUN
после,ADP
знаменитых,ADJ
рейдов,NOUN
капитана,NOUN
Джеймса,PROPN
Кука,PROPN
в,ADP
Южные,ADJ
моря,NOUN
.,PUNCT
"
",SPACE
Согласно,ADP
данным,NOUN
Национального,ADJ
аутистического,ADJ
общества,NOUN
частота,NOUN
аутизма,NOUN
сейчас,ADV
может,VERB
превышать,VERB
1,NUM
случай,NOUN
на,ADP
каждые,DET
100,NUM
детей,NOUN
.,PUNCT
"
",SPACE
Конечная,ADJ
цель,NOUN
математики,NOUN
—,PUNCT
вообще,ADV
избавиться,VERB
от,ADP
необходимости,NOUN
о,ADP
чем,PRON
-,PRON
либо,PRON
думать,VERB
.,PUNCT
"
",SPACE
В,ADP
том,DET
-,ADV
то,ADV
и,PART
дело,NOUN
",",PUNCT
что,PRON
",",PUNCT
кроме,ADP
действительных,ADJ
чисел,NOUN
",",PUNCT
достаточно,ADJ
изобрести,NOUN
только,PART
одно,NUM
число,NOUN
—,PUNCT
квадратный,ADJ
корень,NOUN
из,ADP
—,PUNCT
1,NUM
",",PUNCT
после,ADP
этого,PRON
можно,ADV
решить,VERB
любое,DET
алгебраическое,ADJ
уравнение,NOUN
],PUNCT
"
",SPACE
Возможные,ADJ
состояния,NOUN
электронов,NOUN
определяются,VERB
различными,ADJ
энергетическими,ADJ
подуровнями,NOUN
",",PUNCT
которые,PRON
носят,VERB
название,NOUN
орбиталей,NOUN
.,PUNCT
"
",SPACE
Указанный,VERB
выше,ADV
вызов,NOUN
функции,NOUN
вернет,VERB
все,DET
SNMP,PROPN
объекты,NOUN
из,ADP
SNMP,PROPN
агента,NOUN
",",PUNCT
напущенного,VERB
на,ADP
локальном,ADJ
хосте,NOUN
.,PUNCT
"
",SPACE
Эта,DET
группа,NOUN
включает,VERB
щелочные,ADJ
металлы,NOUN
натрий,NOUN
(,PUNCT
Na,PROPN
),PUNCT
и,CCONJ
калий,NOUN
(,PUNCT
К,PROPN
),PUNCT
",",PUNCT
щелочноземельные,ADJ
металлы,NOUN
магний,NOUN
(,PUNCT
Мg,PROPN
),PUNCT
и,CCONJ
кальций,NOUN
(,PUNCT
Са,PROPN
),PUNCT
.,PUNCT
"
",SPACE
Это,PRON
сразу,ADV
говорит,VERB
нам,PRON
",",PUNCT
что,SCONJ
такое,DET
момент,NOUN
количественно,ADV
.,PUNCT
"
",SPACE
Собачка,NOUN
нужна,ADJ
к,ADP
празднику,NOUN
!,PUNCT
"
",SPACE
Он,PRON
полагал,VERB
",",PUNCT
что,SCONJ
римлян,NOUN
сгубило,VERB
избыточное,ADJ
честолюбие,NOUN
.,PUNCT
"
",SPACE
ЕНЛ-1,PROPN
получают,VERB
общенациональные,ADJ
и,CCONJ
крупные,ADJ
региональные,ADJ
газеты,NOUN
и,CCONJ
телекомпании,NOUN
",",PUNCT
агентства,NOUN
",",PUNCT
иностранные,ADJ
дипломатические,ADJ
представительства,NOUN
в,ADP
России,PROPN
.,PUNCT
"
",SPACE
Телевизионные,ADJ
Web,NOUN
-,PROPN
технологии,PROPN
развиваются,VERB
в,ADP
нашей,DET
стране,NOUN
с,ADP
некоторым,DET
опозданием,NOUN
.,PUNCT
"
",SPACE
Недели,NOUN
через,ADP
две,NUM
-,NUM
три,NUM
",",PUNCT
не,PART
раньше,ADV
.,PUNCT
"
",SPACE
Такой,DET
птицы,NOUN
не,PART
водилось,VERB
в,ADP
здешних,ADJ
местах,NOUN
.,PUNCT
"
",SPACE
Здесь,ADV
он,PRON
не,PART
отказал,VERB
себе,PRON
в,ADP
удовольствии,NOUN
заранее,ADV
злорадно,ADJ
вообразить,VERB
",",PUNCT
как,ADV
будет,AUX
сходить,VERB
со,ADP
сцены,NOUN
премьер,NOUN
Борзых,PROPN
.,PUNCT
"
",SPACE
Булькнуло,PROPN
",",PUNCT
екнуло,VERB
",",PUNCT
порскнуло,VERB
",",PUNCT
ахнуло,VERB
-,NOUN
лучше,ADV
гляди,NOUN
!,PUNCT
-,ADV
сзади,ADV
",",PUNCT
наверху,ADV
",",PUNCT
вниз,ADV
головой,NOUN
",",PUNCT
пропало,VERB
",",PUNCT
нету,NOUN
!,PUNCT
"
",SPACE
И,CCONJ
Пэт,PROPN
выла,VERB
от,ADP
злости,NOUN
:,PUNCT
ее,DET
Грегори,PROPN
--,PUNCT
ее,DET
лучезарный,ADJ
муж,NOUN
--,PUNCT
был,AUX
тоже,ADV
во,ADP
власти,NOUN
этого,DET
всемогущего,ADJ
микрооргазма,NOUN
.,PUNCT
"
",SPACE
Он,PRON
засыпал,VERB
",",PUNCT
ухватившись,VERB
за,ADP
ее,DET
пальцы,NOUN
",",PUNCT
и,CCONJ
",",PUNCT
оставляя,VERB
его,PRON
",",PUNCT
надо,ADV
было,AUX
с,ADP
величайшей,ADJ
осторожностью,NOUN
высвобождать,VERB
руку,NOUN
",",PUNCT
чтобы,SCONJ
он,PRON
не,PART
проснулся,VERB
с,ADP
криком,NOUN
ужаса,NOUN
.,PUNCT
"
",SPACE
--,PUNCT
Хотел,VERB
бы,AUX
добавить,VERB
разумное,ADJ
:,PUNCT
как,ADV
может,VERB
инженер,NOUN
что,PRON
-,PRON
нибудь,PRON
портить,VERB
?,PUNCT
"
",SPACE
Не,PART
сотвори,VERB
себе,PRON
кумира,NOUN
",",PUNCT
Но,CCONJ
лишь,PART
люби,VERB
",",PUNCT
как,SCONJ
Я,PRON
люблю,VERB
--,PUNCT
В,ADP
твоем,DET
подобье,NOUN
--,PUNCT
Образ,NOUN
Мира,PROPN
",",PUNCT
И,CCONJ
не,PART
скорби,VERB
",",PUNCT
как,SCONJ
Я,PRON
скорблю,VERB
.,PUNCT
"
",SPACE
Я,PRON
заставил,VERB
ее,PRON
повторить,VERB
задание,NOUN
.,PUNCT
"
",SPACE
Тут,ADV
на,ADP
кухню,NOUN
явилась,VERB
Майка,PROPN
.,PUNCT
"
",SPACE
--,PUNCT
А,CCONJ
вы,PRON
разбудите,VERB
нас,PRON
",",PUNCT
если,SCONJ
новый,ADJ
цыпленок,NOUN
выведется,VERB
?,PUNCT
"
",SPACE
Но,CCONJ
на,ADP
этот,DET
раз,NOUN
его,PRON
совсем,ADV
не,PART
было,VERB
.,PUNCT
"
",SPACE
--,PUNCT
Тартасов,PROPN
хитрец,NOUN
.,PUNCT
"
",SPACE
Как,SCONJ
все,DET
писатели,NOUN
...,PUNCT
"
",SPACE
Таков,ADJ
их,PRON
удел,NOUN
.,PUNCT
"
",SPACE
Стояли,VERB
в,ADP
кружок,NOUN
и,CCONJ
по,ADV
-,ADV
честному,ADV
рассуждали,VERB
.,PUNCT
"
",SPACE
Небо,NOUN
",",PUNCT
в,ADP
которое,PRON
можно,ADV
глядеть,VERB
...,PUNCT
"
",SPACE
Задрав,VERB
голову,NOUN
...,PUNCT
"
",SPACE
Идти,VERB
и,CCONJ
думать,VERB
о,ADP
синеве,NOUN
.,PUNCT
"
",SPACE
Внеконфессиональное,ADJ
государство,NOUN
представляет,VERB
собой,PRON
государство,NOUN
",",PUNCT
которое,PRON
сознательно,ADV
отстраняет,VERB
себя,PRON
от,ADP
всего,PRON
",",PUNCT
что,PRON
происходит,VERB
в,ADP
лоне,NOUN
религии,NOUN
",",PUNCT
позволяя,VERB
решать,VERB
эти,DET
вопросы,NOUN
гражданскому,ADJ
обществу,NOUN
.,PUNCT
"
",SPACE
Неуведомление,NOUN
или,CCONJ
несвоевременное,ADJ
уведомление,NOUN
об,ADP
указанных,VERB
обстоятельствах,NOUN
лишает,VERB
Стороны,PROPN
права,NOUN
ссылаться,VERB
на,ADP
любые,DET
из,ADP
этих,DET
обстоятельств,NOUN
и,CCONJ
не,PART
освобождает,VERB
от,ADP
ответственности,NOUN
по,ADP
настоящему,ADJ
Договору,PROPN
.,PUNCT
"
",SPACE
Президиум,NOUN
Высшего,ADJ
Арбитражного,ADJ
Суда,PROPN
РФ,PROPN
в,ADP
информационном,ADJ
письме,NOUN
от,ADP
29,ADJ
сентября,NOUN
1999,ADJ
г.,NOUN
№,SYM
48,NUM
"""",PUNCT
О,ADP
некоторых,DET
вопросах,NOUN
судебной,ADJ
практики,NOUN
",",PUNCT
возникающих,VERB
при,ADP
рассмотрении,NOUN
споров,NOUN
",",PUNCT
связанных,VERB
с,ADP
договорами,NOUN
на,ADP
оказание,NOUN
правовых,ADJ
услуг,NOUN
"""",PUNCT
",",PUNCT
отметил,VERB
",",PUNCT
что,SCONJ
не,PART
подлежат,VERB
удовлетворению,NOUN
требования,NOUN
исполнителя,NOUN
о,ADP
выплате,NOUN
вознаграждения,NOUN
",",PUNCT
если,SCONJ
истец,NOUN
обосновывает,VERB
их,PRON
условием,NOUN
договора,NOUN
",",PUNCT
ставящим,VERB
размер,NOUN
оплаты,NOUN
услуг,NOUN
в,ADP
зависимость,NOUN
от,ADP
решения,NOUN
суда,NOUN
или,CCONJ
государственного,ADJ
органа,NOUN
",",PUNCT
которое,PRON
будет,AUX
принято,VERB
в,ADP
будущем,NOUN
.,PUNCT
"
",SPACE
После,ADP
произнесения,NOUN
речей,NOUN
всеми,DET
лицами,NOUN
",",PUNCT
участвующими,VERB
в,ADP
деле,NOUN
",",PUNCT
их,PRON
представителями,NOUN
они,PRON
могут,VERB
выступить,VERB
с,ADP
репликами,NOUN
в,ADP
связи,NOUN
со,ADP
сказанным,ADJ
.,PUNCT
"
",SPACE
Протокол,NOUN
судебного,ADJ
заседания,NOUN
или,CCONJ
совершенного,VERB
вне,ADP
судебного,ADJ
заседания,NOUN
отдельного,ADJ
процессуального,ADJ
действия,NOUN
должен,ADJ
отражать,VERB
все,DET
существенные,ADJ
сведения,NOUN
о,ADP
разбирательстве,NOUN
дела,NOUN
или,CCONJ
совершении,NOUN
отдельного,ADJ
процессуального,ADJ
действия,NOUN
.,PUNCT
"
",SPACE
Лицо,NOUN
",",PUNCT
представляющее,VERB
аудио-,NOUN
и,CCONJ
(,PUNCT
или,CCONJ
),PUNCT
видеозаписи,NOUN
на,ADP
электронном,ADJ
или,CCONJ
ином,ADJ
носителе,NOUN
либо,CCONJ
ходатайствующее,VERB
об,ADP
их,PRON
истребовании,NOUN
",",PUNCT
обязано,ADJ
указать,VERB
",",PUNCT
когда,ADV
",",PUNCT
кем,PRON
и,CCONJ
в,ADP
каких,DET
условиях,NOUN
осуществлялись,VERB
записи,NOUN
.,PUNCT
"
",SPACE
Решения,NOUN
нижестоящей,ADJ
комиссии,NOUN
по,ADP
проведению,NOUN
референдума,NOUN
Российской,ADJ
Федерации,PROPN
могут,VERB
быть,AUX
отменены,VERB
",",PUNCT
а,CCONJ
ее,DET
действия,NOUN
могут,VERB
быть,AUX
приостановлены,VERB
вышестоящей,ADJ
комиссией,NOUN
по,ADP
проведению,NOUN
референдума,NOUN
Российской,ADJ
Федерации,PROPN
.,PUNCT
"
",SPACE
Решение,NOUN
",",PUNCT
принятое,VERB
на,ADP
референдуме,NOUN
Российской,ADJ
Федерации,PROPN
",",PUNCT
является,VERB
общеобязательным,ADJ
и,CCONJ
не,PART
нуждается,VERB
в,ADP
дополнительном,ADJ
утверждении,NOUN
.,PUNCT
"
",SPACE
Статья,NOUN
86.3.3,NUM
.,PUNCT
"
",SPACE
Обособленные,ADJ
водные,ADJ
объекты,NOUN
",",PUNCT
находящиеся,VERB
в,ADP
собственности,NOUN
граждан,NOUN
или,CCONJ
юридических,ADJ
лиц,NOUN
",",PUNCT
в,ADP
установленном,VERB
порядке,NOUN
могут,VERB
использоваться,VERB
как,SCONJ
водные,ADJ
объекты,NOUN
общего,ADJ
пользования,NOUN
только,PART
при,ADP
условиях,NOUN
регистрации,NOUN
данного,ADJ
ограничения,NOUN
права,NOUN
собственности,NOUN
на,ADP
обособленные,ADJ
водные,ADJ
объекты,NOUN
в,ADP
едином,ADJ
государственном,ADJ
реестре,NOUN
и,CCONJ
выплаты,NOUN
вознаграждения,NOUN
собственнику,NOUN
.,PUNCT
"
",SPACE
Государственный,ADJ
мониторинг,NOUN
водных,ADJ
объектов,NOUN
ведется,VERB
специально,ADV
уполномоченным,VERB
государственным,ADJ
органом,NOUN
управления,NOUN
использованием,NOUN
и,CCONJ
охраной,NOUN
водного,ADJ
фонда,NOUN
совместно,ADV
со,ADP
специально,ADV
уполномоченными,VERB
государственными,ADJ
органами,NOUN
в,ADP
области,NOUN
охраны,NOUN
окружающей,VERB
природной,ADJ
среды,NOUN
",",PUNCT
с,ADP
государственным,ADJ
органом,NOUN
управления,NOUN
в,ADP
области,NOUN
гидрометеорологии,NOUN
и,CCONJ
мониторинга,NOUN
окружающей,VERB
среды,NOUN
(,PUNCT
по,ADP
поверхностным,ADJ
водным,ADJ
объектам,NOUN
),PUNCT
и,CCONJ
государственным,ADJ
органом,NOUN
управления,NOUN
использованием,NOUN
и,CCONJ
охраной,NOUN
недр,NOUN
(,PUNCT
по,ADP
подземным,ADJ
водным,ADJ
объектам,NOUN
),PUNCT
.,PUNCT
"
",SPACE
Фиктивное,ADJ
или,CCONJ
преднамеренное,ADJ
банкротство,NOUN
Осуществление,PROPN
дисквалифицированным,ADJ
лицом,NOUN
в,ADP
течение,NOUN
срока,NOUN
дисквалификации,NOUN
деятельности,NOUN
по,ADP
управлению,NOUN
юридическим,ADJ
лицом,NOUN
--,PUNCT
влечет,VERB
наложение,NOUN
административного,ADJ
штрафа,NOUN
в,ADP
размере,NOUN
пятидесяти,NUM
минимальных,ADJ
размеров,NOUN
оплаты,NOUN
труда,NOUN
.,PUNCT
"
",SPACE
В,ADP
ИСПАНИИ,PROPN
Я,PRON
ДУМАЮ,PROPN
У,ADP
УНИКАХИ,PROPN
",",PUNCT
ТАУ,PROPN
И,CCONJ
БАРСЫ,PROPN
ШАНСЫ,PROPN
ОДИНАКОВЫЕ,PROPN
-,NOUN
НО,NOUN
СТАВЛЮ,PROPN
НА,ADP
УНИКАХУ,PROPN
-,NOUN
БРАУН,PROPN
ВПЕРЁД,PROPN
!,PUNCT
!,PUNCT
!,PUNCT
"
",SPACE
Чувство,NOUN
ностальгии,NOUN
охватило,VERB
с,ADP
особенной,ADJ
силой,NOUN
...,PUNCT
скачал,VERB
эмулятор,NOUN
Денди,PROPN
и,CCONJ
пяток,NOUN
диснеевских,ADJ
игр,NOUN
...,PUNCT
Плачу,NOUN
от,ADP
умиления,NOUN
.,PUNCT
"
",SPACE
СКАЖИ,NOUN
НАРКОТИКАМ,PROPN
НЕТ,VERB
Скажи,VERB
наркотикам,NOUN
:,PUNCT
«,PUNCT
Трям,NOUN
!,PUNCT
"""",PUNCT
Скажи,VERB
наркотикам,NOUN
:,PUNCT
«,PUNCT
Чпок,NOUN
!,PUNCT
"""",PUNCT
Своди,VERB
наркотики,NOUN
в,ADP
цирк,NOUN
.,PUNCT
"
",SPACE
Муж,NOUN
работает,VERB
на,ADP
дому,NOUN
(,PUNCT
программер,NOUN
),PUNCT
",",PUNCT
часто,ADV
выезжает,VERB
по,ADP
делам,NOUN
или,CCONJ
просто,PART
потусить,VERB
.,PUNCT
"
",SPACE
"""",PUNCT
Прежде,ADV
мы,PRON
оперировали,VERB
категориями,NOUN
товаров,NOUN
",",PUNCT
которые,PRON
необходимо,ADJ
продвигать,VERB
.,PUNCT
"
",SPACE
Теперь,ADV
стремимся,VERB
оперировать,VERB
финансовыми,ADJ
показателями,NOUN
",",PUNCT
чтобы,SCONJ
лучше,ADV
видеть,VERB
выгодность,NOUN
и,CCONJ
перспективность,NOUN
того,DET
или,CCONJ
иного,ADJ
направления,NOUN
.,PUNCT
"
",SPACE
Мы,PRON
уже,ADV
выяснили,VERB
",",PUNCT
что,SCONJ
некоторые,DET
из,ADP
них,PRON
не,PART
настолько,ADV
выгодны,ADJ
",",PUNCT
как,SCONJ
казалось,VERB
раньше,ADV
"""",PUNCT
",",PUNCT
пояснил,VERB
Краснов,PROPN
новую,ADJ
стратегию,NOUN
.,PUNCT
"
",SPACE
Какими,DET
вы,PRON
видите,VERB
свои,DET
перспективы,NOUN
в,ADP
этой,DET
области,NOUN
?,PUNCT
"
",SPACE
В,ADP
двух,NUM
72-часовых,ADJ
сессиях,NOUN
InnovationJam,PROPN
",",PUNCT
проведенных,VERB
по,ADP
Internet,PROPN
",",PUNCT
приняло,VERB
участие,NOUN
около,ADP
105,NUM
тыс.,NOUN
человек,NOUN
из,ADP
104,NUM
стран,NOUN
",",PUNCT
в,ADP
том,DET
числе,NOUN
служащие,NOUN
IBM,PROPN
",",PUNCT
члены,NOUN
их,DET
семей,NOUN
",",PUNCT
а,CCONJ
также,ADV
сотрудники,NOUN
университетов,NOUN
",",PUNCT
клиенты,NOUN
корпорации,NOUN
и,CCONJ
ее,DET
бизнес,NOUN
-,NOUN
партнеры,NOUN
.,PUNCT
"
",SPACE
Особые,ADJ
экономические,ADJ
зоны,NOUN
-,PUNCT
новый,ADJ
механизм,NOUN
государственно,ADJ
-,ADJ
частного,ADJ
партнерства,NOUN
.,PUNCT
"
",SPACE
Заставить,VERB
все,DET
это,PRON
работать,VERB
на,ADP
медном,ADJ
кабеле,NOUN
окажется,VERB
еще,ADV
труднее,ADJ
",",PUNCT
чем,SCONJ
раньше,ADV
",",PUNCT
но,CCONJ
и,CCONJ
говорить,VERB
о,ADP
невозможности,NOUN
получения,NOUN
подобных,ADJ
решений,NOUN
пока,ADV
преждевременно,ADJ
",",PUNCT
поскольку,SCONJ
технологии,NOUN
совершенствуются,VERB
непрерывно,ADV
.,PUNCT
"
",SPACE
Вследствие,ADP
своей,DET
важности,NOUN
деятельность,NOUN
метрополитена,NOUN
жестко,ADV
регламентирована,VERB
российским,ADJ
законодательством,NOUN
.,PUNCT
"
",SPACE
Она,PRON
была,AUX
представлена,VERB
как,SCONJ
оптимальное,ADJ
решение,NOUN
для,ADP
небольших,ADJ
центров,NOUN
обработки,NOUN
данных,NOUN
либо,CCONJ
как,SCONJ
дополнение,NOUN
к,ADP
уже,ADV
существующей,VERB
системе,NOUN
охлаждения,NOUN
",",PUNCT
не,PART
изменяющее,VERB
инфраструктуру,NOUN
.,PUNCT
"
",SPACE
По,ADP
словам,NOUN
Кеоуэна,PROPN
",",PUNCT
производители,NOUN
начнут,VERB
продавать,VERB
телевизоры,NOUN
и,CCONJ
телекоммуникационные,ADJ
устройства,NOUN
с,ADP
поддержкой,NOUN
технологии,NOUN
UWB,PROPN
уже,ADV
в,ADP
текущем,ADJ
году,NOUN
.,PUNCT
"
",SPACE
При,ADP
этом,PRON
мы,PRON
-,PUNCT
глобальная,ADJ
компания,NOUN
со,ADP
штаб,NOUN
-,NOUN
квартирой,NOUN
в,ADP
США,PROPN
.,PUNCT
"
",SPACE
На,ADP
глобальном,ADJ
уровне,NOUN
HP,PROPN
блестяще,ADV
справляется,VERB
со,ADP
снижением,NOUN
операционных,ADJ
расходов,NOUN
:,PUNCT
на,ADP
ИТ,PROPN
",",PUNCT
помещения,NOUN
",",PUNCT
управление,NOUN
.,PUNCT
"
",SPACE
Кроме,ADP
того,PRON
",",PUNCT
на,ADP
первую,ADJ
половину,NOUN
2007,ADJ
года,NOUN
дополнительно,ADV
запланировано,VERB
получение,NOUN
специализации,NOUN
Advanced,X
Routing,X
and,X
Switching,X
и,CCONJ
обновление,NOUN
VPN,X
Security,X
Specialization,X
до,ADP
новой,ADJ
специализации,NOUN
Advanced,X
Security,X
",",PUNCT
что,SCONJ
будет,AUX
соответствовать,VERB
уровню,NOUN
требований,NOUN
",",PUNCT
предъявляемых,VERB
к,ADP
"""",PUNCT
Золотым,ADJ
"""",PUNCT
партнерам,NOUN
Cisco,X
Systems,X
.,PUNCT
"
",SPACE
Полиция,NOUN
сообщила,VERB
",",PUNCT
что,SCONJ
самоубийца,NOUN
тяжело,ADV
ранен,VERB
",",PUNCT
а,CCONJ
его,PRON
сосед,NOUN
по,ADP
этажу,NOUN
погиб,VERB
в,ADP
огне,NOUN
.,PUNCT
"
",SPACE
Таким,DET
образом,NOUN
",",PUNCT
угрозы,NOUN
",",PUNCT
нависшей,VERB
над,ADP
знаменитым,ADJ
дворцом,NOUN
Цвингер,PROPN
",",PUNCT
в,ADP
котором,PRON
расположена,ADJ
Дрезденская,ADJ
картинная,ADJ
галерея,NOUN
",",PUNCT
больше,ADV
не,PART
существует,VERB
.,PUNCT
"
",SPACE
На,ADP
севере,NOUN
сектора,NOUN
Газа,PROPN
проходит,VERB
ожесточенная,ADJ
перестрелка,NOUN
между,ADP
израильскими,ADJ
военнослужащими,NOUN
и,CCONJ
палестинцами,NOUN
2002/08/11/,ADJ
"
",SPACE
На,ADP
севере,NOUN
сектора,NOUN
Газа,PROPN
",",PUNCT
вблизи,ADP
еврейского,ADJ
поселения,NOUN
Дугид,PROPN
",",PUNCT
в,ADV
настоящее,ADJ
время,NOUN
проходит,VERB
ожесточенная,ADJ
перестрелка,NOUN
между,ADP
израильскими,ADJ
военнослужащими,NOUN
и,CCONJ
палестинцами,NOUN
.,PUNCT
"
",SPACE
Склады,NOUN
крупнейшей,ADJ
в,ADP
Благовещенске,PROPN
торговой,ADJ
сети,NOUN
"""",PUNCT
Домострой,NOUN
"""",PUNCT
почти,ADV
полностью,ADV
сгорели,VERB
в,ADP
субботу,NOUN
.,PUNCT
"
",SPACE
Президентом,NOUN
может,VERB
быть,AUX
избран,VERB
любой,DET
гражданин,NOUN
Нагорно,ADJ
-,ADJ
Карабахской,ADJ
Республики,PROPN
",",PUNCT
достигший,VERB
35,NUM
лет,NOUN
",",PUNCT
обладающий,VERB
избирательным,ADJ
правом,NOUN
и,CCONJ
постоянно,ADV
или,CCONJ
преимущественно,ADV
проживающий,VERB
в,ADP
НКР,PROPN
в,ADP
течение,NOUN
последних,ADJ
10,NUM
лет,NOUN
.,PUNCT
"
",SPACE
Для,ADP
охраны,NOUN
задействованы,VERB
офицеры,NOUN
Национальной,ADJ
гвардии,NOUN
",",PUNCT
представители,NOUN
служб,NOUN
безопасности,NOUN
и,CCONJ
ВВС,PROPN
США,PROPN
.,PUNCT
"
",SPACE
Индекс,NOUN
"""",PUNCT
Нового,ADJ
рынка,NOUN
"""",PUNCT
сопротивлялся,VERB
больше,ADV
.,PUNCT
"
",SPACE
Потоки,NOUN
дождя,NOUN
обрушились,VERB
в,ADP
воскресенье,NOUN
и,CCONJ
на,ADP
Берлин,PROPN
",",PUNCT
с,ADP
окружающей,VERB
его,PRON
землей,NOUN
Бранденбург,PROPN
",",PUNCT
где,ADV
ситуация,NOUN
",",PUNCT
конечно,ADV
",",PUNCT
не,PART
такая,DET
сложная,ADJ
",",PUNCT
как,SCONJ
в,ADP
других,ADJ
регионах,NOUN
",",PUNCT
однако,ADV
в,ADP
течение,NOUN
сегодняшнего,ADJ
дня,NOUN
и,CCONJ
здесь,ADV
зарегистрировано,VERB
выпадение,NOUN
почти,ADV
50,NUM
литров,NOUN
осадков,NOUN
на,ADP
1,NUM
кв,NOUN
метр,NOUN
площади,NOUN
.,PUNCT
"
",SPACE
Точных,ADJ
данных,NOUN
об,ADP
их,DET
местонахождении,NOUN
",",PUNCT
за,ADP
исключением,NOUN
обнаруженной,VERB
в,ADP
1996,ADJ
году,NOUN
"""",PUNCT
Ловисы,NOUN
-,NOUN
Ульрики,NOUN
"""",PUNCT
",",PUNCT
не,PART
было,VERB
.,PUNCT
"
",SPACE
Для,ADP
47,NUM
гостей,NOUN
фестиваля,NOUN
праздник,NOUN
завершился,VERB
в,ADP
вытрезвителях,NOUN
.,PUNCT
"
",SPACE
Полиция,NOUN
считает,VERB
",",PUNCT
что,SCONJ
"""",PUNCT
холд,NOUN
-,NOUN
ап,NOUN
"""",PUNCT
совершили,VERB
"""",PUNCT
гастролеры,NOUN
"""",PUNCT
",",PUNCT
несколько,NUM
дней,NOUN
наблюдавшие,VERB
за,ADP
супермаркетом,NOUN
и,CCONJ
за,ADP
передвижениями,NOUN
его,PRON
директора,NOUN
.,PUNCT
"
",SPACE
Этому,DET
преобразованию,NOUN
также,ADV
препятствует,VERB
дефицит,NOUN
различных,ADJ
витаминов,NOUN
и,CCONJ
микроэлементов,NOUN
",",PUNCT
необходимых,ADJ
для,ADP
катализирующих,VERB
его,PRON
ферментов,NOUN
",",PUNCT
включая,ADV
витамин,NOUN
B3,PROPN
(,PUNCT
никотиновая,ADJ
кислота,NOUN
),PUNCT
",",PUNCT
B6,PROPN
",",PUNCT
C,NOUN
",",PUNCT
биотин,NOUN
",",PUNCT
цинк,NOUN
и,CCONJ
магний,NOUN
.,PUNCT
"
",SPACE
Вызвать,VERB
ее,PRON
можно,ADV
с,ADP
помощью,NOUN
php3_ini.directive,PROPN
.,PUNCT
"
",SPACE
Вот,PART
пример,NOUN
двойной,ADJ
суммы,NOUN
из,ADP
девяти,NUM
членов,NOUN
",",PUNCT
управляемой,VERB
двумя,NUM
индексами,NOUN
j,NOUN
и,CCONJ
к,ADP
:,PUNCT
Обычно,ADV
правление,NOUN
бывает,VERB
из,ADP
девяти,NUM
членов,NOUN
.,PUNCT
"
",SPACE
-,PUNCT
Я,PRON
пришла,VERB
за,ADP
своими,DET
документами,NOUN
",",PUNCT
товарищ,NOUN
начальник,NOUN
",",PUNCT
-,PUNCT
сказала,VERB
Ефимова,PROPN
",",PUNCT
отстраняясь,VERB
от,ADP
него,PRON
.,PUNCT
"
",SPACE
А,CCONJ
кругом,NOUN
--,PUNCT
в,ADP
пиццерии,NOUN
--,PUNCT
ели,VERB
и,CCONJ
жрали,VERB
толпы,NOUN
людей,NOUN
--,PUNCT
стоя,VERB
",",PUNCT
сидя,VERB
",",PUNCT
посреди,ADP
узкого,ADJ
прохода,NOUN
.,PUNCT
"
",SPACE
И,CCONJ
наконец,ADV
",",PUNCT
он,PRON
жалел,VERB
свой,DET
потерянный,ADJ
ум,NOUN
",",PUNCT
который,PRON
--,PUNCT
после,ADP
смерти,NOUN
--,PUNCT
уже,ADV
не,PART
сможет,VERB
ни,PART
о,ADP
чем,PRON
думать,VERB
.,PUNCT
"
",SPACE
Либо,CCONJ
об,ADP
акулах,NOUN
",",PUNCT
что,SCONJ
кому,PRON
понятней,NOUN
.,PUNCT
"
",SPACE
Вода,NOUN
в,ADP
банке,NOUN
начала,VERB
нагреваться,VERB
.,PUNCT
"
",SPACE
Светлана,PROPN
Багатурия,PROPN
подперла,VERB
кулачком,NOUN
подбородок,NOUN
и,CCONJ
даже,PART
рот,NOUN
открыла,VERB
от,ADP
проникновения,NOUN
.,PUNCT
"
",SPACE
А,CCONJ
что,PRON
дальше,ADV
?,PUNCT
"
",SPACE
Но,CCONJ
начлага,NOUN
опять,ADV
и,CCONJ
опять,ADV
не,PART
мог,VERB
.,PUNCT
"
",SPACE
А,CCONJ
директор,NOUN
посмеивался,VERB
.,PUNCT
"
",SPACE
Бывают,VERB
же,PART
ужасы,NOUN
...,PUNCT
"
",SPACE
У,ADP
меня,PRON
есть,VERB
такой,DET
вопрос,NOUN
:,PUNCT
платят,VERB
ли,PART
в,ADP
июле,NOUN
-,NOUN
августе,NOUN
стипендию,NOUN
?,PUNCT
"
",SPACE
А,CCONJ
это,PRON
ссылка,NOUN
на,ADP
предварительные,ADJ
итоги,NOUN
по,ADP
каждой,DET
позиции,NOUN
",",PUNCT
кто,PRON
скока,NOUN
голосов,NOUN
набрал,VERB
к,ADP
этому,DET
моменту,NOUN
.,PUNCT
http://www.nba.com/news/allstar_031211.html,PROPN
Кириленко,PROPN
--,PUNCT
в,ADP
основу,NOUN
!,PUNCT
"
",SPACE
Давайте,VERB
-,PUNCT
ка,PROPN
поразмыслим,VERB
...,PUNCT
"
",SPACE
Ну,PART
я,PRON
бы,AUX
не,PART
сказал,VERB
что,SCONJ
все,PART
таки,PART
уровень,NOUN
падает,VERB
....,PUNCT
"
",SPACE
Как,SCONJ
это,PRON
Петрович,PROPN
собирается,VERB
строить,VERB
игру,NOUN
команды,NOUN
вокруг,ADP
неиграющего,ADJ
Ковенаги,PROPN
?,PUNCT
"
",SPACE
Созданная,VERB
в,ADP
процессе,NOUN
диверсификации,NOUN
бизнеса,NOUN
"""",PUNCT
ПроСофт,NOUN
"""",PUNCT
",",PUNCT
эта,DET
компания,NOUN
занимается,VERB
разработкой,NOUN
и,CCONJ
производством,NOUN
одноплатных,ADJ
компьютеров,NOUN
и,CCONJ
других,ADJ
электронных,ADJ
блоков,NOUN
",",PUNCT
а,CCONJ
также,ADV
разработкой,NOUN
и,CCONJ
изготовлением,NOUN
по,ADP
контракту,NOUN
электронного,ADJ
оборудования,NOUN
для,ADP
систем,NOUN
промышленной,ADJ
автоматизации,NOUN
(,PUNCT
доходы,NOUN
от,ADP
этих,DET
видов,NOUN
деятельности,NOUN
приблизительно,ADV
одинаковы,ADJ
),PUNCT
.,PUNCT
"
",SPACE
По,ADP
словам,NOUN
Девида,PROPN
Ги,PROPN
",",PUNCT
вице,NOUN
-,NOUN
президента,NOUN
HP,X
Software,X
по,ADP
маркетингу,NOUN
",",PUNCT
новое,ADJ
подразделение,NOUN
",",PUNCT
получившее,VERB
название,NOUN
Business,X
Information,X
Optimization,X
(,PUNCT
BIO,PROPN
),PUNCT
",",PUNCT
будет,AUX
состоять,VERB
из,ADP
двух,NUM
групп,NOUN
.,PUNCT
"
",SPACE
Основной,ADJ
продукт,NOUN
компании,NOUN
-,NOUN
разработчика,NOUN
антивирусного,ADJ
ПО,PROPN
Eset,X
-,X
Eset,X
NOD32,X
закуплен,VERB
для,ADP
парламента,NOUN
республики,NOUN
Узбекистан,PROPN
(,PUNCT
Олий,PROPN
Мажлис,PROPN
),PUNCT
.,PUNCT
"
",SPACE
Еще,ADV
один,NUM
проект,NOUN
",",PUNCT
который,PRON
мне,PRON
очень,ADV
импонирует,VERB
-,PUNCT
это,PART
наше,DET
сотрудничество,NOUN
со,ADP
Школой,PROPN
изящных,ADJ
искусств,NOUN
Фаберже,PROPN
:,PUNCT
для,ADP
абитуриентов,NOUN
",",PUNCT
которые,PRON
в,ADP
будущем,NOUN
создадут,VERB
свой,DET
бизнес,NOUN
",",PUNCT
став,VERB
ювелирами,NOUN
",",PUNCT
дизайнерами,NOUN
одежды,NOUN
",",PUNCT
художниками,NOUN
",",PUNCT
мы,PRON
также,ADV
основали,VERB
компьютерный,ADJ
класс,NOUN
",",PUNCT
где,ADV
они,PRON
изучают,VERB
",",PUNCT
чем,PRON
им,PRON
могут,VERB
быть,AUX
полезны,ADJ
информационные,ADJ
технологии,NOUN
.,PUNCT
"
",SPACE
АСУ,NOUN
госзакупками,NOUN
региона,NOUN
разработана,VERB
на,ADP
основе,NOUN
электронного,ADJ
решения,NOUN
компании,NOUN
"""",PUNCT
НОРБИТ,NOUN
"""",PUNCT
-,X
"""",PUNCT
ГосЗаказ,NOUN
"""",PUNCT
v.3.0,PROPN
и,CCONJ
функционально,ADV
охватывает,VERB
комплексное,ADJ
управление,NOUN
процессом,NOUN
размещения,NOUN
государственных,ADJ
заказов,NOUN
.,PUNCT
"
",SPACE
Компания,NOUN
"""",PUNCT
АйТи,PROPN
"""",PUNCT
по,ADP
запросу,NOUN
руководства,NOUN
ВолГУ,PROPN
предоставила,VERB
университету,NOUN
полнофункциональную,ADJ
версию,NOUN
системы,NOUN
"""",PUNCT
БОСС,NOUN
-,NOUN
Референт,NOUN
"""",PUNCT
.,PUNCT
"
",SPACE
ЭЦП,PROPN
тормозит,VERB
ЭДО,PROPN
"
",SPACE
Резюмируя,VERB
обсуждения,NOUN
в,ADP
данной,ADJ
секции,NOUN
",",PUNCT
можно,ADV
сказать,VERB
",",PUNCT
что,SCONJ
новых,ADJ
проблем,NOUN
за,ADP
последний,ADJ
год,NOUN
не,PART
появилось,VERB
",",PUNCT
старые,ADJ
же,PART
",",PUNCT
например,ADV
",",PUNCT
несовершенство,NOUN
нормативной,ADJ
базы,NOUN
",",PUNCT
определяющей,VERB
функционирование,NOUN
удостоверяющих,VERB
центров,NOUN
",",PUNCT
решаются,VERB
чрезвычайно,ADV
медленно,ADV
.,PUNCT
"
",SPACE
Вечные,ADJ
барьеры,NOUN
"
",SPACE
Наиболее,ADV
заметный,ADJ
прогресс,NOUN
наблюдается,VERB
там,ADV
",",PUNCT
где,ADV
бизнес,NOUN
может,VERB
что,PRON
-,PRON
то,PRON
сделать,VERB
самостоятельно,ADJ
-,ADJ
эта,DET
мысль,NOUN
",",PUNCT
мимоходом,NOUN
прозвучавшая,VERB
в,ADP
выступлении,NOUN
одного,NUM
из,ADP
докладчиков,NOUN
",",PUNCT
ясно,ADV
характеризует,VERB
отношение,NOUN
бизнеса,NOUN
к,ADP
работе,NOUN
в,ADP
госсекторе,NOUN
.,PUNCT
"
",SPACE
В,ADP
операции,NOUN
задействовано,VERB
80,NUM
автомашин,NOUN
и,CCONJ
бронетранспортеров,NOUN
",",PUNCT
8,NUM
вертолетов,NOUN
",",PUNCT
а,CCONJ
также,ADV
артиллерия,NOUN
и,CCONJ
танки,NOUN
.,PUNCT
"
",SPACE
Несмотря,ADV
на,ADP
прибытие,NOUN
в,ADP
на,ADP
место,NOUN
инцидента,NOUN
специалистов,NOUN
из,ADP
Бангкока,PROPN
",",PUNCT
лайнер,NOUN
пока,ADV
не,PART
удалось,VERB
вытащить,VERB
из,ADP
глины,NOUN
",",PUNCT
что,PRON
не,PART
позволяет,VERB
возобновить,VERB
работу,NOUN
аэропорта,NOUN
.,PUNCT
"
",SPACE
Так,ADV
",",PUNCT
оказалось,VERB
полностью,ADV
отрезанным,VERB
от,ADP
внешнего,ADJ
мира,NOUN
местечко,PROPN
Кирхомфельд,PROPN
.,PUNCT
"
",SPACE
Благодаря,ADP
личности,NOUN
основателя,NOUN
",",PUNCT
монастырь,NOUN
скоро,ADV
приобрел,VERB
большую,ADJ
славу,NOUN
и,CCONJ
стал,VERB
играть,VERB
роль,NOUN
в,ADP
княжеских,ADJ
отношениях,NOUN
.,PUNCT
"
",SPACE
По,ADP
его,DET
мнению,NOUN
",",PUNCT
необходимо,ADJ
усилить,VERB
координацию,NOUN
между,ADP
другими,ADJ
министерствами,NOUN
и,CCONJ
ведомствами,NOUN
",",PUNCT
в,ADP
частности,NOUN
",",PUNCT
МВД,PROPN
",",PUNCT
Минобороны,PROPN
и,CCONJ
Минздрава,PROPN
с,ADP
МЧС,PROPN
и,CCONJ
региональными,ADJ
властями,NOUN
.,PUNCT
"
",SPACE
Жители,NOUN
поселка,NOUN
Невская,ADJ
Дубровка,PROPN
могут,VERB
остаться,VERB
без,ADP
света,NOUN
из,ADP
-,ADP
за,ADP
того,PRON
",",PUNCT
что,SCONJ
администрация,NOUN
Всеволжского,ADJ
района,NOUN
Ленинградской,ADJ
области,NOUN
задерживает,VERB
выплату,NOUN
долга,NOUN
за,ADP
электроэнергию,NOUN
АО,PROPN
"""",PUNCT
Ленэнерго,PROPN
"""",PUNCT
.,PUNCT
"
",SPACE
В,ADP
поселке,NOUN
Видяево,PROPN
/Мурманская,PUNCT
область/,PROPN
",",PUNCT
откуда,ADV
два,NUM
года,NOUN
назад,ADV
в,ADP
последний,ADJ
поход,NOUN
ушел,VERB
"""",PUNCT
Курск,PROPN
"""",PUNCT
",",PUNCT
был,AUX
открыт,VERB
Мемориал,PROPN
морякам,NOUN
-,NOUN
подводникам,NOUN
",",PUNCT
погибшим,VERB
в,ADP
океане,NOUN
.,PUNCT
"
",SPACE
Руководство,NOUN
газового,ADJ
концерна,NOUN
заявило,VERB
",",PUNCT
что,SCONJ
в,ADP
результате,NOUN
планируемой,VERB
допэмиссии,NOUN
акций,NOUN
"""",PUNCT
СИБУРа,NOUN
"""",PUNCT
был,AUX
размыт,VERB
пакет,NOUN
акций,NOUN
"""",PUNCT
Газпрома,PROPN
"""",PUNCT
.,PUNCT
"
",SPACE
Женщина,NOUN
необыкновенной,ADJ
красоты,NOUN
",",PUNCT
талантливая,ADJ
актриса,NOUN
и,CCONJ
педагог,NOUN
она,PRON
занимает,VERB
достойное,ADJ
место,NOUN
в,ADP
прославленной,ADJ
галерее,NOUN
портретов,NOUN
",",PUNCT
где,ADV
пляшет,VERB
сверкающая,VERB
Золушка,PROPN
Любови,PROPN
Орловой,PROPN
",",PUNCT
где,ADV
поют,VERB
наивные,ADJ
Марьяны,PROPN
и,CCONJ
Глаши,PROPN
Марины,PROPN
Ладыниной,PROPN
",",PUNCT
где,ADV
страдает,VERB
великая,ADJ
Вера,PROPN
Марецкая,PROPN
.,PUNCT
"
",SPACE
Между,ADP
тем,PRON
в,ADP
этом,DET
же,PART
районе,NOUN
"""",PUNCT
всплыла,VERB
"""",PUNCT
еще,ADV
одна,NUM
поддельная,ADJ
пятисотрублевка,NOUN
.,PUNCT
"
",SPACE
В,ADP
минувший,ADJ
четверг,NOUN
суд,NOUN
по,ADP
ходатайству,NOUN
защиты,NOUN
изменил,VERB
меру,NOUN
пресечения,NOUN
другому,ADJ
обвиняемому,NOUN
по,ADP
этому,DET
делу,NOUN
-,NOUN
бывшему,ADJ
вице,NOUN
-,NOUN
президенту,NOUN
компании,NOUN
Евгению,PROPN
Кощицу,PROPN
.,PUNCT
"
",SPACE
Санитарной,ADJ
обработке,NOUN
будут,AUX
подвергнуты,VERB
территории,NOUN
двенадцати,NUM
баз,NOUN
отдыха,NOUN
",",PUNCT
расположенных,ADJ
в,ADP
районе,NOUN
поселка,NOUN
.,PUNCT
"
",SPACE
В,ADP
то,DET
же,PART
время,NOUN
санитарно,ADJ
-,ADJ
эпидемиологическая,ADJ
служба,NOUN
Краснодарского,ADJ
края,NOUN
настаивает,VERB
на,ADP
закрытии,NOUN
оздоровительных,ADJ
лагерей,NOUN
в,ADP
поселках,NOUN
Южная,ADJ
Озереевка,PROPN
и,CCONJ
Широкая,ADJ
Балка,PROPN
",",PUNCT
где,ADV
в,ADV
настоящее,ADJ
время,NOUN
находятся,VERB
1,NUM
тыс,NOUN
470,NUM
детей,NOUN
",",PUNCT
прибывших,VERB
на,ADP
отдых,NOUN
.,PUNCT
"
",SPACE
В,ADP
июле,NOUN
на,ADP
автодорогах,NOUN
Франции,PROPN
погибло,VERB
665,NUM
человек,NOUN
.,PUNCT
"
",SPACE
При,ADP
нападении,NOUN
на,ADP
ювелирный,ADJ
магазин,NOUN
из,ADP
пистолета,NOUN
был,AUX
тяжело,ADV
ранен,VERB
охранник,NOUN
",",PUNCT
а,CCONJ
при,ADP
ограблении,NOUN
магазина,NOUN
компьютерной,ADJ
техники,NOUN
-,NOUN
двое,NUM
контролеров,NOUN
-,NOUN
администраторов,NOUN
.,PUNCT
"
",SPACE
Спецпредставитель,NOUN
МИД,PROPN
РФ,PROPN
считает,VERB
",",PUNCT
что,SCONJ
",",PUNCT
нагнетая,ADJ
атмосферу,NOUN
конфронтации,NOUN
",",PUNCT
Тбилиси,PROPN
Абхазию,PROPN
не,PART
вернет,VERB
2002/08/12/,ADJ
"
",SPACE
Если,SCONJ
Тбилиси,PROPN
будет,AUX
нагнетать,VERB
атмосферу,NOUN
конфронтации,NOUN
",",PUNCT
"""",PUNCT
то,PRON
совершенно,ADV
ясно,ADJ
",",PUNCT
что,SCONJ
таким,DET
методом,NOUN
Абхазию,PROPN
Грузии,PROPN
не,PART
вернуть,VERB
"""",PUNCT
.,PUNCT
"
",SPACE
А,CCONJ
7,ADJ
апреля,NOUN
началась,VERB
серия,NOUN
диверсионно,ADJ
-,ADJ
террористических,ADJ
актов,NOUN
со,ADP
стороны,NOUN
групп,NOUN
",",PUNCT
приходивших,VERB
с,ADP
территории,NOUN
Грузии,PROPN
.,PUNCT
"
",SPACE
Компания,NOUN
"""",PUNCT
Сибнефть,PROPN
"""",PUNCT
",",PUNCT
получив,VERB
37-процентный,ADJ
пакет,NOUN
акций,NOUN
завода,NOUN
",",PUNCT
стремится,VERB
"""",PUNCT
влиять,VERB
на,ADP
ситуацию,NOUN
на,ADP
рынке,NOUN
Москвы,PROPN
"""",PUNCT
.,PUNCT
"
",SPACE
Как,SCONJ
сообщили,VERB
РИА,PROPN
"""",PUNCT
Новости,NOUN
"""",PUNCT
в,ADP
понедельник,NOUN
в,ADP
суде,NOUN
",",PUNCT
19-летние,ADJ
подсудимые,NOUN
из,ADP
города,NOUN
Долгопрудный,PROPN
были,AUX
признаны,VERB
виновными,ADJ
в,ADP
"""",PUNCT
бандитизме,NOUN
"""",PUNCT
/ст,PUNCT
209,NUM
УК,NOUN
РФ)/,NUM
и,CCONJ
"""",PUNCT
разбое,NOUN
"""",PUNCT
/ст,PUNCT
.,PUNCT
162,NUM
УК,NOUN
РФ/.,NUM
"
",SPACE
В,ADP
экономической,ADJ
столице,NOUN
Танзании,PROPN
Дар,PROPN
-,PROPN
эс,PROPN
-,NOUN
Саламе,PROPN
начались,VERB
переговоры,NOUN
между,ADP
правительством,NOUN
Бурунди,PROPN
и,CCONJ
представителями,NOUN
самой,ADJ
значительной,ADJ
организации,NOUN
вооруженной,VERB
оппозиции,NOUN
-,NOUN
Сил,PROPN
в,ADP
защиту,NOUN
демократии,NOUN
(,PUNCT
ФДД,PROPN
),PUNCT
.,PUNCT
"
",SPACE
Как,SCONJ
передает,VERB
корреспондент,NOUN
РИА,PROPN
"""",PUNCT
Новости,PROPN
"""",PUNCT
",",PUNCT
открывая,VERB
сегодняшнюю,ADJ
встречу,NOUN
",",PUNCT
президент,NOUN
Танзании,PROPN
Бенджамин,PROPN
Мкапа,PROPN
призвал,VERB
ее,DET
участников,NOUN
в,ADP
качестве,NOUN
"""",PUNCT
жеста,NOUN
доброй,ADJ
воли,NOUN
и,CCONJ
доказательства,NOUN
приверженности,NOUN
обеих,NUM
сторон,NOUN
миротворческому,ADJ
процессу,NOUN
"""",PUNCT
объявить,VERB
мораторий,NOUN
на,ADP
военные,ADJ
действия,NOUN
на,ADP
весь,DET
срок,NOUN
переговоров,NOUN
.,PUNCT
"
",SPACE
Российскую,ADJ
делегацию,NOUN
возглавляет,VERB
заместитель,NOUN
научно,ADJ
-,ADJ
технической,ADJ
комиссии,NOUN
МАК,PROPN
Сергей,PROPN
Зайко,PROPN
.,PUNCT
"
",SPACE
Об,ADP
этом,PRON
корреспонденту,NOUN
РИА,PROPN
"""",PUNCT
Новости,PROPN
"""",PUNCT
сообщил,VERB
пресс,NOUN
-,NOUN
секретарь,NOUN
межгосударственного,ADJ
авиационного,ADJ
комитета,NOUN
/МАК/,PUNCT
Олег,PROPN
Ермолов,PROPN
.,PUNCT
>,PUNCT
"
",SPACE
Российские,ADJ
специалисты,NOUN
проведут,VERB
исследования,NOUN
в,ADP
США,PROPN
бортовой,ADJ
системы,NOUN
"""",PUNCT
Текас,PROPN
"""",PUNCT
",",PUNCT
устанавливаемой,VERB
на,ADP
самолетах,NOUN
"""",PUNCT
Боинг,PROPN
"""",PUNCT
для,ADP
предотвращения,NOUN
столкновений,NOUN
в,ADP
воздухе,NOUN
и,CCONJ
с,ADP
землей,NOUN
.,PUNCT
"
",SPACE
Вместе,ADV
с,ADP
тем,PRON
",",PUNCT
Ермолов,PROPN
отметил,VERB
",",PUNCT
что,SCONJ
работа,NOUN
германской,ADJ
комиссии,NOUN
по,ADP
расследованию,NOUN
причин,NOUN
этого,DET
авиапроисшествия,NOUN
ведется,VERB
по,ADP
плану,NOUN
.,PUNCT
"
",SPACE
